Field,Value
Employee Name,Not provided
Designation,Not provided
Date of Joining,Not provided
Gender,Not provided
PAN,Not provided
Contact No,Not provided
New Tax Regime,Not provided
Residential Address,Not provided
Rent per Month,Not provided
PF Contribution,Not provided
FDR 5 Year,Not provided
NPS Investment,Not provided
Section 80G,Not provided
Handicapped Dependent,Not provided
Medical Treatment,Not provided
Bank Name,Not provided
Interest Amount,Not provided
Principal Amount,Not provided
Signature,Not provided
Name,Not provided